PCM-001;Tesla;900
UVM-845;Toyota;1450
PFS-672;Bugatti;1400
SNA-276;Ferrari;1400
CML-588;Mercedes;1350
LPO-696;Kia;1250
TUW-976;Ferrari;300
DKJ-563;Tesla;1350
AMI-113;Lamborghini;1050
SLO-963;Wolksvagen;400
OPG-360;BMW;1450
BJA-903;Audi;1350
FSC-198;BMW;700
WEF-000;Audi;1000
UHP-203;Toyota;1200
VGS-936;Mercedes;950
TGP-962;Ferrari;900
HJM-918;Lamborghini;1050
RGN-536;Audi;650
BQT-171;Audi;250
NQL-692;Honda;1450
CWB-057;Toyota;1350
PHR-972;Lamborghini;200
PFC-112;Mercedes;1100
FQO-887;Wolksvagen;800
JBD-788;BMW;1350
GDP-905;Toyota;1150
KUE-163;Opel;450
HEB-767;Honda;1150
RMV-873;Honda;900
GIE-480;Honda;1350
COC-184;BMW;950
NJS-199;Wolksvagen;1100
VGV-954;Audi;1000
GVT-312;Audi;1350
LCJ-601;Bugatti;850
EKF-805;Toyota;800
WOJ-352;Opel;200
UBT-742;Lamborghini;1100
ELL-051;Wolksvagen;800
WIA-238;Wolksvagen;650
GWV-364;Lamborghini;450
FUO-899;Wolksvagen;550
FQD-625;Skoda;550
JFU-947;Skoda;1400
UDO-277;Wolksvagen;1000
WFW-627;Honda;1050
VMO-992;Skoda;1050
CIE-660;Wolksvagen;550
CTK-816;Toyota;1150
WRL-372;Honda;850
QQR-405;Toyota;1350
AWJ-191;Honda;1050
ACS-284;Audi;600
DJF-224;Audi;1450
HQU-434;Mercedes;300
UJO-506;Lamborghini;500
VGA-372;Lamborghini;450
HFK-304;Lamborghini;900
SLC-177;Toyota;1000
JIO-243;Honda;1300
EEB-343;Mercedes;1200
MAE-181;Peugeot;800
GMQ-535;BMW;250
WWR-907;Honda;1200
HNL-179;Honda;1450
OMF-069;Opel;1300
RGB-723;Renault;1450
UMM-676;Lamborghini;450
QTQ-707;Lamborghini;350
AOE-978;Skoda;450
IAD-319;Ferrari;1350
FBM-329;BMW;1450
QBD-027;Tesla;1050
SPO-226;Honda;750
CRD-626;Honda;550
QSK-508;Lamborghini;1350
JON-815;Kia;1150
FVW-141;Renault;1250
KML-126;Kia;1050
NFK-486;Renault;950
IMS-022;Opel;500
EOV-269;Tesla;1400
WWD-478;Wolksvagen;200
NIN-693;Opel;700
AUD-723;Tesla;1350
SAU-643;Lamborghini;1350
IDC-920;Bugatti;800
IQA-712;BMW;450
GDQ-592;Ferrari;250
ONN-381;Audi;1450
CMC-531;Opel;400
CTJ-403;Mercedes;950
WVU-393;Lamborghini;650
QSR-556;Lamborghini;1200
FKB-020;Toyota;1400
GUQ-303;Lamborghini;800
PPG-521;Wolksvagen;1450
KTG-532;Peugeot;750
CVR-010;Honda;900
UOQ-922;Renault;400
CMI-577;Peugeot;950
GPM-279;Bugatti;1100
MQD-577;Renault;650
QWK-868;Opel;800
IQO-662;BMW;650
WUK-835;Ferrari;450
WPI-959;Renault;1300
HNF-257;Audi;700
AND-888;BMW;550
JOU-685;Lamborghini;450
MTG-594;Bugatti;1000
QTL-561;Bugatti;750
SWN-643;Peugeot;1150
UTW-805;Wolksvagen;1000
RDO-724;Toyota;1250
EBR-987;Opel;1300
PPI-189;Toyota;350
DTQ-921;Lamborghini;250
EKF-107;Lamborghini;750
TCW-080;Bugatti;700
NTO-693;Honda;550
DDK-497;Toyota;900
PFR-799;Honda;300
JQT-620;Lamborghini;1400
VBO-217;Mercedes;200
NBI-826;Opel;700
RRT-555;Wolksvagen;550
SGH-842;Audi;1150
GSF-767;Honda;200
WLM-101;BMW;1450
IGA-696;Toyota;200
MIJ-113;BMW;300
DIE-704;Opel;400
QUE-101;Honda;1400
WWJ-001;Honda;450
NLD-168;Audi;200
KAL-437;Audi;550
OTH-363;Peugeot;850
SAG-529;Tesla;1350
MPJ-391;Toyota;1400
CKH-160;Lamborghini;450
RMT-641;Bugatti;1200
PUB-896;Mercedes;650
UKV-036;Tesla;1100
PQN-434;Lamborghini;650
OMS-731;Toyota;1350
VRO-121;Peugeot;1450
VOO-008;BMW;650
MLV-723;BMW;300
